{
    "AWSTemplateFormatVersion": "2010-09-09",
    "Description": "{\"createdOn\":\"Linux\",\"createdBy\":\"Amplify\",\"createdWith\":\"12.3.0\",\"stackType\":\"function-Lambda\",\"metadata\":{}}",
    "Parameters": {
        "CloudWatchRule": {
            "Type": "String",
            "Default": "NONE",
            "Description": " Schedule Expression"
        },
        "deploymentBucketName": {
            "Type": "String"
        },
        "env": {
            "Type": "String"
        },
        "s3Key": {
            "Type": "String"
        }
    },
    "Conditions": {
        "ShouldNotCreateEnvResources": {
            "Fn::Equals": [
                {
                    "Ref": "env"
                },
                "NONE"
            ]
        }
    },
    "Resources": {
        "LambdaFunction": {
            "Type": "AWS::Lambda::Function",
            "Metadata": {
                "aws:asset:path": "./src",
                "aws:asset:property": "Code"
            },
            "Properties": {
                "Code": {
                    "S3Bucket": {
                        "Ref": "deploymentBucketName"
                    },
                    "S3Key": {
                        "Ref": "s3Key"
                    }
                },
                "Handler": "index.handler",
                "FunctionName": {
                    "Fn::If": [
                        "ShouldNotCreateEnvResources",
                        "addBucketLogging",
                        {
                            "Fn::Join": [
                                "",
                                [
                                    "addBucketLogging",
                                    "-",
                                    {
                                        "Ref": "env"
                                    }
                                ]
                            ]
                        }
                    ]
                },
                "Environment": {
                    "Variables": {
                        "ENV": {
                            "Ref": "env"
                        },
                        "REGION": {
                            "Ref": "AWS::Region"
                        }
                    }
                },
                "Role": {
                    "Fn::GetAtt": ["LambdaExecutionRole", "Arn"]
                },
                "Runtime": "nodejs18.x",
                "Layers": [],
                "Timeout": 25
            }
        },
        "LambdaExecutionRole": {
            "Type": "AWS::IAM::Role",
            "Properties": {
                "RoleName": {
                    "Fn::If": [
                        "ShouldNotCreateEnvResources",
                        "awshealthscribedemoLambdaRole3e7eb912",
                        {
                            "Fn::Join": [
                                "",
                                [
                                    "awshealthscribedemoLambdaRole3e7eb912",
                                    "-",
                                    {
                                        "Ref": "env"
                                    }
                                ]
                            ]
                        }
                    ]
                },
                "AssumeRolePolicyDocument": {
                    "Version": "2012-10-17",
                    "Statement": [
                        {
                            "Effect": "Allow",
                            "Principal": {
                                "Service": ["lambda.amazonaws.com"]
                            },
                            "Action": ["sts:AssumeRole"]
                        }
                    ]
                }
            }
        },
        "lambdaexecutionpolicy": {
            "DependsOn": ["LambdaExecutionRole"],
            "Type": "AWS::IAM::Policy",
            "Properties": {
                "PolicyName": "lambda-execution-policy",
                "Roles": [
                    {
                        "Ref": "LambdaExecutionRole"
                    }
                ],
                "PolicyDocument": {
                    "Version": "2012-10-17",
                    "Statement": [
                        {
                            "Effect": "Allow",
                            "Action": ["logs:CreateLogGroup", "logs:CreateLogStream", "logs:PutLogEvents"],
                            "Resource": {
                                "Fn::Sub": [
                                    "arn:aws:logs:${region}:${account}:log-group:/aws/lambda/${lambda}:log-stream:*",
                                    {
                                        "region": {
                                            "Ref": "AWS::Region"
                                        },
                                        "account": {
                                            "Ref": "AWS::AccountId"
                                        },
                                        "lambda": {
                                            "Ref": "LambdaFunction"
                                        }
                                    }
                                ]
                            }
                        }
                    ]
                }
            }
        },
        "CustomLambdaExecutionPolicy": {
            "Type": "AWS::IAM::Policy",
            "Properties": {
                "PolicyName": "custom-lambda-execution-policy",
                "PolicyDocument": {
                    "Version": "2012-10-17",
                    "Statement": [
                        {
                            "Action": ["s3:PutBucketLogging"],
                            "Resource": ["arn:aws:s3:::healthscribe-demo-storage*"],
                            "Effect": "Allow"
                        },
                        {
                            "Action": ["s3:PutBucketPolicy"],
                            "Resource": ["arn:aws:s3:::amplify*"],
                            "Effect": "Allow"
                        }
                    ]
                },
                "Roles": [
                    {
                        "Ref": "LambdaExecutionRole"
                    }
                ]
            },
            "DependsOn": "LambdaExecutionRole"
        }
    },
    "Outputs": {
        "Name": {
            "Value": {
                "Ref": "LambdaFunction"
            }
        },
        "Arn": {
            "Value": {
                "Fn::GetAtt": ["LambdaFunction", "Arn"]
            }
        },
        "Region": {
            "Value": {
                "Ref": "AWS::Region"
            }
        },
        "LambdaExecutionRole": {
            "Value": {
                "Ref": "LambdaExecutionRole"
            }
        },
        "LambdaExecutionRoleArn": {
            "Value": {
                "Fn::GetAtt": ["LambdaExecutionRole", "Arn"]
            }
        }
    }
}