{
    "version": "1",
    "cognitoConfig": {
        "identityPoolName": "healthScribeDemoAuthIdentityPool",
        "allowUnauthenticatedIdentities": false,
        "resourceNameTruncated": "awsheaf9c98582",
        "userPoolName": "healthScribeDemoAuthUserPool",
        "autoVerifiedAttributes": ["email"],
        "mfaConfiguration": "OFF",
        "mfaTypes": ["SMS Text Message"],
        "smsAuthenticationMessage": "Your authentication code is {####}",
        "smsVerificationMessage": "Your verification code is {####}",
        "emailVerificationSubject": "Your AWS HealthScribe Demo Verification Code",
        "emailVerificationMessage": "Your verification code is {####}",
        "defaultPasswordPolicy": false,
        "passwordPolicyMinLength": 8,
        "passwordPolicyCharacters": [
            "Requires Lowercase",
            "Requires Uppercase",
            "Requires Numbers",
            "Requires Symbols"
        ],
        "requiredAttributes": ["email"],
        "aliasAttributes": [],
        "userpoolClientGenerateSecret": false,
        "userpoolClientRefreshTokenValidity": "7",
        "userpoolClientWriteAttributes": ["email"],
        "userpoolClientReadAttributes": ["email"],
        "userpoolClientLambdaRole": "healthf9c98582_userpoolclient_lambda_role",
        "userpoolClientSetAttributes": false,
        "sharedId": "f9c98582",
        "resourceName": "healthScribeDemoAuth",
        "authSelections": "identityPoolAndUserPool",
        "useDefault": "manual",
        "thirdPartyAuth": false,
        "usernameAttributes": ["email"],
        "userPoolGroups": false,
        "adminQueries": false,
        "triggers": {},
        "hostedUI": false,
        "userPoolGroupList": [],
        "serviceName": "Cognito",
        "usernameCaseSensitive": false,
        "useEnabledMfas": true
    }
}